"5d00fec8ab0ad455e9fc4395","成都市金牛北站东一路26号","[ 30.6879790339176, 104.072670095583 ]"
"5d00fec8ab0ad455e9fc4397","成都市锦江中新街49号","[ 30.6628277988677, 104.082327792157 ]"
"5d00fec8ab0ad455e9fc4399","成都市高新天府大道北段1199号（高新国际广场旁）","[ 30.5915390843775, 104.076482803864 ]"
"5d00fec8ab0ad455e9fc439b","成都市金牛花圃路1号（第四人民医院对面）","[ 30.6853173477723, 104.086709546773 ]"
"5d00fec8ab0ad455e9fc439d","成都市高新永丰路7号（衣冠庙地铁口B出口）","[ 30.6396292217282, 104.058314172484 ]"
"5d00fec8ab0ad455e9fc439f","成都市郫都天府路88号","[ 30.7639343092562, 103.982163457962 ]"
"5d00fec8ab0ad455e9fc43a1","成都市锦江通源街588号","[ 30.6450995993166, 104.115556910965 ]"
"5d00fec9ab0ad455e9fc43a3","成都市锦江三官堂街与龙舟路交汇处（望江公园、望江楼正对面）","[ 30.6389367992823, 104.098957493249 ]"
"5d00fec9ab0ad455e9fc43a5","成都市锦江通源街588号","[ 30.6450995993166, 104.115556910965 ]"
"5d00fec9ab0ad455e9fc43a7","成都市锦江东二环通桂路7号(沙河公园旁)","[ 30.6430253230228, 104.124419135431 ]"
"5d00fec9ab0ad455e9fc43a9","成都市金牛花照壁街225号","[ 30.7053110882027, 104.041117127682 ]"
"5d00fec9ab0ad455e9fc43ab","成都市锦江东大路1号(地铁2号线牛市口站A出口、二环BRT牛市口站)","[ 30.6476998377131, 104.110369866482 ]"
"5d00fec9ab0ad455e9fc43ad","成都市成华建工路龙湖梵城","[ 30.665589283983, 104.108591550352 ]"
"5d00fec9ab0ad455e9fc43af","成都市天府新区天府大道与华府大道交汇处","[ 30.5617071390186, 104.07576258832 ]"
"5d00fec9ab0ad455e9fc43b1","成都市锦江汇源北路333号","[ 30.6444348194312, 104.122069562732 ]"
"5d00fec9ab0ad455e9fc43b3","成都市锦江南纱帽街77号","[ 30.6583493744826, 104.087748171197 ]"
"5d00fecaab0ad455e9fc43b5","成都市金牛北三环一段221号","[ 30.7194994019128, 104.036150224171 ]"
"5d00fecaab0ad455e9fc43b7","成都市金牛一环路北四段108号","[ 30.6847533875437, 104.094674690577 ]"
"5d00fecaab0ad455e9fc43b9","成都市金牛商贸大道二段189号","[ 30.7272548692873, 104.064484749812 ]"
"5d00fecaab0ad455e9fc43bb","成都市金牛西一环三段5号（地铁中医附院战D出口200米处）","[ 30.6725556630453, 104.046547744711 ]"
"5d00fecaab0ad455e9fc43bd","成都市金牛一环路北四段108号","[ 30.6847533875437, 104.094674690577 ]"
"5d00fecaab0ad455e9fc43bf","成都市成华二环路与府青路交汇处（原512建材市场旁）","[ 30.6936710757846, 104.104327383926 ]"
"5d00fecaab0ad455e9fc43c1","成都市新都新泰东路71号","[ 30.8270619264959, 104.179482588048 ]"
"5d00fecaab0ad455e9fc43c3","成都市新都太平碑路100号","[ 30.7602883597872, 104.097430463712 ]"
"5d00fecaab0ad455e9fc43c5","成都市高新剑南大道中段(成都七中旁)","[ 30.5657630624515, 104.048017282695 ]"
"5d00fecbab0ad455e9fc43c7","成都市高新交子大道333号","[ 30.5871885827362, 104.061208629617 ]"
"5d00fecbab0ad455e9fc43c9","成都市成华建设南路50号","[ 30.6758932910027, 104.128241544223 ]"
"5d00fecbab0ad455e9fc43cb","成都市锦江成龙大道与银木街交汇处","[ 30.6010495687485, 104.157741823398 ]"
"5d00fecbab0ad455e9fc43cd","成都市锦江静康路与静沙北路交汇处","[ 30.6280878987635, 104.12272857762 ]"
"5d00fecbab0ad455e9fc43cf","成都市锦江静康路与静沙北路交汇处","[ 30.6280878987635, 104.12272857762 ]"
"5d00fecbab0ad455e9fc43d1","成都市锦江茶花街106号","[ 30.6091208081469, 104.144838279188 ]"
"5d00fecbab0ad455e9fc43d3","成都市青羊光华东二路98号","[ 30.6799113256834, 103.968270124809 ]"
"5d00fecbab0ad455e9fc43d5","成都市高新天府大道旁老成仁路77号","[ 30.5411911972715, 104.08642047206 ]"
"5d00fecbab0ad455e9fc43d7","成都市成华跳蹬河槐树店路26号（成洛大道与中环路交汇处）","[ 30.6549309669851, 104.146402127572 ]"
"5d00feccab0ad455e9fc43d9","成都市成华崔家店路与跳蹬河路交汇处（崔家店路418号）","[ 30.6670710671884, 104.140888328352 ]"
"5d00feccab0ad455e9fc43db","成都市锦江成龙大道与银木街交界处","[ 30.6010495687485, 104.157741823398 ]"
"5d00feccab0ad455e9fc43dd","成都市锦江汇源南路366号","[ 30.6369541584771, 104.117321067704 ]"
"5d00feccab0ad455e9fc43df","成都市青羊清江中路1号","[ 30.6762883856453, 104.026822713696 ]"
"5d00feccab0ad455e9fc43e1","成都市青羊人民南路一段126号","[ 30.6590017758852, 104.071543428797 ]"
"5d00feccab0ad455e9fc43e3","成都市青羊光华南三路89号","[ 30.6711062482192, 103.968153284906 ]"
"5d00feccab0ad455e9fc43e5","成都市青羊光华北六路1号","[ 30.6804574806502, 103.960434929184 ]"
"5d00feccab0ad455e9fc43e7","成都市青羊日月大道与武青北路交汇处","[ 30.6822907127208, 103.972874505582 ]"
"5d00feccab0ad455e9fc43e9","成都市青羊光华东三路401号","[ 30.6774395033829, 103.972056943364 ]"
"5d00fecdab0ad455e9fc43eb","成都市青羊日月大道与武青北路交汇处","[ 30.6822907127208, 103.972874505582 ]"
"5d00fecdab0ad455e9fc43ed","成都市金牛一环路北二段北站西二路1号","[ 30.6931329374346, 104.072853742129 ]"
"5d00fecdab0ad455e9fc43ef","成都市金牛一环路北三段100号","[ 30.6897699751645, 104.08676980331 ]"
"5d00fecdab0ad455e9fc43f1","成都市金牛解放路一段20号","[ 30.6912603522132, 104.091565853733 ]"
"5d00fecdab0ad455e9fc43f3","成都市金牛金科西路58号","[ 30.7271516247155, 104.010672177745 ]"
"5d00fecdab0ad455e9fc43f5","成都市金牛西三环金牛大道金周路交汇处","[ 30.7270256208061, 104.001287869337 ]"
"5d00fecdab0ad455e9fc43f7","成都市金牛沙湾路220号","[ 30.6949857477679, 104.057433724389 ]"
"5d00fecdab0ad455e9fc43f9","成都市武侯红牌楼北街31号","[ 30.6421224411107, 104.042631584834 ]"
"5d00fecdab0ad455e9fc43fb","成都市武侯中环路与永顺路交汇处","[ 30.6424767637779, 104.029051763598 ]"
"5d00fecdab0ad455e9fc43fd","成都市武侯武阳大道二段261号","[ 30.6358558154444, 104.024697002164 ]"
"5d00feceab0ad455e9fc43ff","成都市武侯高攀西巷3号, 长荣路66号","[ 30.6185438495845, 104.084823015372 ]"
"5d00feceab0ad455e9fc4401","成都市武侯武侯立交聚龙路168号（武侯万达广场旁）","[ 30.6268517500627, 104.103649341131 ]"
"5d00feceab0ad455e9fc4403","成都市成华成华区建设南路50号","[ 30.6758932910027, 104.128241544223 ]"
"5d00feceab0ad455e9fc4405","成都市成华白龙江路与大巴山路交汇处","[ 30.6395441305082, 104.145935103927 ]"
"5d00feceab0ad455e9fc4407","成都市成华成华区白龙江路与大巴山路交汇处","[ 30.6395441305082, 104.145935103927 ]"
"5d00feceab0ad455e9fc4409","成都市成华建设南路50号","[ 30.6758932910027, 104.128241544223 ]"
"5d00feceab0ad455e9fc440b","成都市成华荆竹东路与东荆路首创花与城一期","[ 30.717157031398, 104.129007088151 ]"
"5d00feceab0ad455e9fc440d","成都市成华荆竹东路与东荆路首创花与城一期","[ 30.717157031398, 104.129007088151 ]"
"5d00feceab0ad455e9fc440f","成都市成华荆竹东路与东荆路首创花与城二期","[ 30.717157031398, 104.129007088151 ]"
"5d00fecfab0ad455e9fc4411","成都市成华地铁3号线（动物园站）海滨公园旁","[ 30.7154212146862, 104.124768633026 ]"
"5d00fecfab0ad455e9fc4413","成都市成华杉板桥南五路199号（蓝光东方天地旁）","[ 30.6664387982251, 104.136460671712 ]"
"5d00fecfab0ad455e9fc4415","成都市成华二仙桥北路3号","[ 30.6891395315445, 104.135566465579 ]"
"5d00fecfab0ad455e9fc4417","成都市成华环内昭觉寺横路（中国电信旁）","[ 30.7052410088675, 104.111122862092 ]"
"5d00fecfab0ad455e9fc4419","成都市龙泉驿菱西路9号","[ 30.5626978409996, 104.281396964356 ]"
"5d00fecfab0ad455e9fc441b","成都市龙泉驿北泉路龙泉二中旁","[ 30.5714788106436, 104.264992648116 ]"
"5d00fecfab0ad455e9fc441d","成都市郫都国宁东路299号","[ 30.7558489261148, 103.987503327269 ]"
"5d00fecfab0ad455e9fc441f","成都市郫都德源镇德源南路一段229号（稻香路口旁)","[ 30.7805125310607, 103.85531189627 ]"
"5d00fecfab0ad455e9fc4421","成都市高新天府一街1333号（高新七中旁）","[ 30.5665427597746, 104.073850850183 ]"
"5d00fed0ab0ad455e9fc4423","成都市高新交子大道33号","[ 30.5873062533057, 104.07000465751 ]"
"5d00fed0ab0ad455e9fc4425","成都市高新剑南大道中段利通时代晶座","[ 30.5501195583423, 104.053308760284 ]"
"5d00fed0ab0ad455e9fc4427","成都市高新天府三街1599号（天府三街与南华路交汇处）","[ 30.5529336852963, 104.06610441092 ]"
"5d00fed0ab0ad455e9fc4429","成都市高新天府一街与益州大道交汇处（蒙彼利埃小学旁）","[ 30.570838249202, 104.056661535583 ]"
"5d00fed0ab0ad455e9fc442b","成都市高新天府二街368号","[ 30.5578643736798, 104.067087140874 ]"
"5d00fed0ab0ad455e9fc442d","成都市青羊光华大道光华南二路238号（树德中学旁）","[ 30.6735114740691, 103.976175318904 ]"
"5d00fed0ab0ad455e9fc442f","成都市温江涌泉镇（街办）鹏程路99号","[ 30.6800826322063, 103.893838732586 ]"
"5d00fed0ab0ad455e9fc4431","成都市高新石羊场路555号","[ 30.59037481493, 104.049056924899 ]"
"5d00fed1ab0ad455e9fc4433","成都市高新石羊场路555号","[ 30.59037481493, 104.049056924899 ]"
"5d00fed1ab0ad455e9fc4435","成都市高新世纪城路418号","[ 30.5602606810167, 104.086056700549 ]"
"5d00fed1ab0ad455e9fc4437","成都市郫都蜀都新城创智公园南四路100号（创智公园正对面）","[ 30.7946564165981, 103.90812171954 ]"
"5d00fed1ab0ad455e9fc4439","成都市高新天府大道北段1199号（高新国际广场旁）","[ 30.5915390843775, 104.076482803864 ]"
"5d00fed1ab0ad455e9fc443b","成都市天府新区华阳街道一心村二、五组，鹤林村四组","[ 30.4817115305781, 104.030773143328 ]"
"5d00fed1ab0ad455e9fc443d","成都市青羊光华北六路1号","[ 30.6804574806502, 103.960434929184 ]"
"5d00fed1ab0ad455e9fc443f","成都市金牛长青路88号","[ 30.7162568294083, 104.048543420232 ]"
"5d00fed1ab0ad455e9fc4441","成都市成华桃华街45号","[ 30.6864795380072, 104.122739948701 ]"
"5d00fed1ab0ad455e9fc4443","成都市锦江南三环娇子立交外侧","[ 30.6062195095327, 104.133435110892 ]"
"5d00fed1ab0ad455e9fc4445","成都市锦江中环锦绣大道菱窠路口华润凯旋天地","[ 30.617248808609, 104.134852680105 ]"
"5d00fed2ab0ad455e9fc4447","成都市锦江东大路与静康路交汇处华宇广场","[ 30.6294933610077, 104.127994605316 ]"
"5d00fed2ab0ad455e9fc4449","成都市青羊光华南一路255号","[ 30.6800378070068, 104.067445474942 ]"
"5d00fed2ab0ad455e9fc444b","成都市金牛洞子口路163号","[ 30.7301600787585, 104.063771133033 ]"
"5d00fed2ab0ad455e9fc444d","成都市金牛二环与蓉北商贸大道交界处（城北客运站中心对面）","[ 30.7151728225285, 104.069788186543 ]"
"5d00fed2ab0ad455e9fc444f","成都市武侯武侯大道与智谷大道交汇处","[ 30.6296409223794, 103.993184996433 ]"
"5d00fed2ab0ad455e9fc4451","成都市武侯二环路西一段80号","[ 30.6492785923871, 104.031391454524 ]"
"5d00fed2ab0ad455e9fc4453","成都市成华东三环凯德广场魅力城店向东500米","[ 30.6330987252847, 104.163759077941 ]"
"5d00fed2ab0ad455e9fc4455","成都市成华跳蹬河槐树店路26号（成洛大道与中环路交汇处）","[ 30.6549309669851, 104.146402127572 ]"
"5d00fed2ab0ad455e9fc4457","成都市成华跳蹬河南路18号","[ 30.6593084769861, 104.13874577988 ]"
"5d00fed3ab0ad455e9fc4459","成都市成华跳蹬河南路18号","[ 30.6593084769861, 104.13874577988 ]"
"5d00fed3ab0ad455e9fc445b","成都市成华崔家店路418号, 双电西五路26号","[ 30.6670710671884, 104.140888328352 ]"
"5d00fed3ab0ad455e9fc445d","成都市成华崔家店横二街42号","[ 30.6692097415124, 104.133738547264 ]"
"5d00fed3ab0ad455e9fc445f","成都市成华崔家店横二街42号","[ 30.6692097415124, 104.133738547264 ]"
"5d00fed3ab0ad455e9fc4461","成都市成华二环路东三段双庆路6号","[ 30.6565048712424, 104.127077779442 ]"
"5d00fed3ab0ad455e9fc4463","成都市高新中和仁和路600号","[ 30.5620485416374, 104.104931853704 ]"
"5d00fed3ab0ad455e9fc4465","成都市高新吉龙一街333号","[ 30.6558218784164, 104.081533510425 ]"
"5d00fed3ab0ad455e9fc4467","成都市高新梓州大道与新通大道的交汇处","[ 30.6558218784164, 104.081533510425 ]"
"5d00fed3ab0ad455e9fc4469","成都市高新益州大道中段699号（天府一街与天府二街之间）","[ 30.5617755087593, 104.063881100159 ]"
"5d00fed4ab0ad455e9fc446b","成都市高新成汉中路新街里金街","[ 30.5990912189512, 104.061196324628 ]"
"5d00fed4ab0ad455e9fc446d","成都市高新会龙大道与应龙南一路交汇处","[ 30.5291145083281, 104.082141052407 ]"
"5d00fed4ab0ad455e9fc446f","成都市高新汉中路81号","[ 30.6558218784164, 104.081533510425 ]"
"5d00fed4ab0ad455e9fc4471","成都市高新天府二街与荣华北路交汇处","[ 30.5608311277113, 104.050337348911 ]"
"5d00fed4ab0ad455e9fc4473","成都市高新益州大道中段1918号","[ 30.5410506479231, 104.061701934088 ]"
"5d00fed4ab0ad455e9fc4475","成都市高新天府三街288号","[ 30.5533851729452, 104.066781471763 ]"
"5d00fed4ab0ad455e9fc4477","成都市高新富华北路357号","[ 30.5608743122443, 104.047779317972 ]"
"5d00fed4ab0ad455e9fc4479","成都市天府新区益州大道与伏龙北巷交汇处","[ 30.6980549641586, 103.810290161687 ]"
"5d00fed4ab0ad455e9fc447b","成都市天府新区协和下街588号","[ 30.5183982138781, 104.050909380406 ]"
"5d00fed5ab0ad455e9fc447d","成都市锦江玫瑰街10号","[ 30.6093504121666, 104.160309897393 ]"
"5d00fed5ab0ad455e9fc447f","成都市金牛金科苑东街与金科苑南街交叉口西100米","[ 30.7139108161349, 103.991857934195 ]"
"5d00fed5ab0ad455e9fc4481","成都市金牛金樽三街151号","[ 30.7347549438633, 104.001088096073 ]"
"5d00fed5ab0ad455e9fc4483","成都市成华荆竹东路与东荆路交汇处","[ 30.717157031398, 104.129007088151 ]"
"5d00fed5ab0ad455e9fc4485","成都市天府新区华阳街道府河路与南湖路交汇处","[ 30.5035142861343, 104.068950013604 ]"
"5d00fed5ab0ad455e9fc4487","成都市天府新区华府大道一段(欧尚超市对面）","[ 30.5309031419652, 104.049468405415 ]"
"5d00fed5ab0ad455e9fc4489","成都市天府新区汉州路999号","[ 30.4305248925436, 104.08930942258 ]"
"5d00fed5ab0ad455e9fc448b","成都市锦江茶花街106号","[ 30.6091208081469, 104.144838279188 ]"
"5d00fed5ab0ad455e9fc448d","成都市武侯福锦路一段669号","[ 30.617476431854, 103.999253803832 ]"
"5d00fed6ab0ad455e9fc448f","成都市温江江安路196号","[ 30.6934737815611, 103.886902415699 ]"
"5d00fed6ab0ad455e9fc4491","成都市高新新川路博雅城市广场","[ 30.8909453185947, 104.265431809918 ]"
"5d00fed6ab0ad455e9fc4493","成都市高新近慈路66号","[ 30.5839215735311, 104.047145567028 ]"
"5d00fed6ab0ad455e9fc4495","成都市青羊光华大道一段866号","[ 30.6751199894987, 103.980204348865 ]"
"5d00fed6ab0ad455e9fc4497","成都市成华双建路建行正对面（原双建路79号）","[ 30.6853959101384, 104.121698147539 ]"
"5d00fed6ab0ad455e9fc4499","成都市青羊光华东三路588号","[ 30.6779158430792, 103.965468184161 ]"
"5d00fed6ab0ad455e9fc449b","成都市青羊光华东三路588号","[ 30.6779158430792, 103.965468184161 ]"
"5d00fed6ab0ad455e9fc449d","成都市青羊光华大道东4路78号","[ 30.6737908729017, 103.96779210321 ]"
"5d00fed6ab0ad455e9fc449f","成都市青羊西三环蜀鑫路与清波路交汇处（华润金悦湾对面）","[ 30.6920689979636, 104.00131107167 ]"
"5d00fed7ab0ad455e9fc44a1","成都市青羊光华北一路527号","[ 30.6799420889876, 103.974837233952 ]"
"5d00fed7ab0ad455e9fc44a3","成都市金牛人民北路一段辅路龙湖上城","[ 30.6948095354745, 104.079846916677 ]"
"5d00fed7ab0ad455e9fc44a5","成都市金牛花照壁上横街469号","[ 30.7052564357758, 104.047210694177 ]"
"5d00fed7ab0ad455e9fc44a7","成都市武侯四川省成都市武侯区人民南路四段3号来福士广场","[ 30.6377523413691, 104.074558737665 ]"
"5d00fed7ab0ad455e9fc44a9","成都市武侯武科东二路460号","[ 30.6344915046128, 103.991680809908 ]"
"5d00fed7ab0ad455e9fc44ab","成都市武侯晋阳路313号","[ 30.6542386428474, 104.002759752796 ]"
"5d00fed7ab0ad455e9fc44ad","成都市武侯晋吉南路82号","[ 30.6451261087736, 104.014148444899 ]"
"5d00fed7ab0ad455e9fc44af","成都市成华一环路内侧与蜀都大道交界处","[ 30.6408065556289, 104.058584690002 ]"
"5d00fed7ab0ad455e9fc44b1","成都市成华白龙江路6号","[ 30.6395441305082, 104.145935103927 ]"
"5d00fed8ab0ad455e9fc44b3","成都市成华东中环二仙桥北一路","[ 30.6904006900857, 104.131963288517 ]"
"5d00fed8ab0ad455e9fc44b5","成都市成华成都市成华区杉板桥路601号","[ 30.6780535328146, 104.14374431106 ]"
"5d00fed8ab0ad455e9fc44b7","成都市成华东郊记忆旁杉板桥路","[ 30.6745271903157, 104.129663073055 ]"
"5d00fed8ab0ad455e9fc44b9","成都市成华府青路二段177号","[ 30.6893603550116, 104.108052971283 ]"
"5d00fed8ab0ad455e9fc44bb","成都市成华内昭觉寺横路（中国电信旁）","[ 30.7052410088675, 104.111122862092 ]"
"5d00fed8ab0ad455e9fc44bd","成都市成华槐树店一路300号","[ 30.653990743532, 104.136362007633 ]"
"5d00fed8ab0ad455e9fc44bf","成都市成华昭觉寺横路80号","[ 30.7073280738521, 104.110443954932 ]"
"5d00fed8ab0ad455e9fc44c1","成都市龙泉驿车城西三路","[ 30.5613640948177, 104.183228281428 ]"
"5d00fed8ab0ad455e9fc44c3","成都市龙泉驿车城西三路666号","[ 30.5694444384599, 104.18856562 ]"
"5d00fed9ab0ad455e9fc44c5","成都市新都新成彭路大天路出口左侧（博雅新城旁）","[ 30.7661338102628, 104.054035120238 ]"
"5d00fed9ab0ad455e9fc44c7","成都市新都华美东街455号","[ 30.7744112089656, 104.073187446329 ]"
"5d00fed9ab0ad455e9fc44c9","成都市新都文家一巷188号","[ 30.8325336098328, 104.177917179457 ]"
"5d00fed9ab0ad455e9fc44cb","成都市新都北新大道东","[ 30.8197511048571, 104.088582693423 ]"
"5d00fed9ab0ad455e9fc44cd","成都市双流南湖西侧（剑南大道旁边）","[ 30.6041890538408, 104.054735882977 ]"
"5d00fed9ab0ad455e9fc44cf","成都市温江柳城街办学海路399号","[ 30.6884868366266, 103.863573063181 ]"
"5d00fed9ab0ad455e9fc44d1","成都市郫都华都路169","[ 30.7995376535734, 103.905445688087 ]"
"5d00fed9ab0ad455e9fc44d3","成都市大邑大邑县桃源大道99号","[ 30.5806320180035, 103.511937193706 ]"
"5d00fed9ab0ad455e9fc44d5","成都市高新梓州大道200号","[ 30.6558218784164, 104.081533510425 ]"
"5d00fedaab0ad455e9fc44d7","成都市高新雅和北二路和新裕路交汇处","[ 30.520141420654, 104.080678009172 ]"
"5d00fedaab0ad455e9fc44d9","成都市高新天府一街1333号（高新七中旁）","[ 30.5665427597746, 104.073850850183 ]"
"5d00fedaab0ad455e9fc44db","成都市高新红星路南延线与应龙路交叉口","[ 30.5463723739071, 104.095074874903 ]"
"5d00fedaab0ad455e9fc44dd","成都市高新吉庆三路333号","[ 30.5592790813148, 104.070384946164 ]"
"5d00fedaab0ad455e9fc44df","成都市高新万象南路199号","[ 30.5861907379691, 104.056476069631 ]"
"5d00fedaab0ad455e9fc44e1","成都市高新天府大道与天府一街交汇处（地铁世纪城站北行300米）","[ 30.5642642337016, 104.077710413801 ]"
"5d00fedaab0ad455e9fc44e3","成都市高新二环路南四段19号","[ 30.6344329806732, 104.043719074982 ]"
"5d00fedaab0ad455e9fc44e5","成都市高新南华路与天府二街交汇处（高新伊藤旁）","[ 30.5631639116265, 104.043354763589 ]"
"5d00fedaab0ad455e9fc44e7","成都市高新天府四街134号","[ 30.5496911805602, 104.071537809383 ]"
"5d00fedaab0ad455e9fc44e9","成都市高新益州大道北段388号","[ 30.6056476489328, 104.066252756988 ]"
"5d00fedbab0ad455e9fc44eb","成都市高新天府四街1999号","[ 30.548415118195, 104.075502916044 ]"
"5d00fedbab0ad455e9fc44ed","成都市高新天府四街1999号","[ 30.548415118195, 104.075502916044 ]"
"5d00fedbab0ad455e9fc44ef","成都市高新天府大道南段1355号","[ 30.5129318661867, 104.077903253802 ]"
"5d00fedbab0ad455e9fc44f1","成都市高新天府四街134号","[ 30.5496911805602, 104.071537809383 ]"
"5d00fedbab0ad455e9fc44f3","成都市天府新区麓山大道二段（成都实验外国语西区旁）","[ 30.4840429870586, 104.121179098531 ]"
"5d00fedbab0ad455e9fc44f5","成都市天府新区海昌南路南侧","[ 30.4971061759383, 104.081283121238 ]"
"5d00fedbab0ad455e9fc44f7","成都市天府新区正兴镇大安路1458号","[ 30.436144535502, 104.059921063177 ]"
"5d00fedbab0ad455e9fc44f9","成都市天府新区华阳美岸路三段233号","[ 30.4943331486334, 104.061942945863 ]"
"5d00fedbab0ad455e9fc44fb","成都市天府新区南麓山大道一段289号（南延线麓山大道交汇路口）","[ 30.4940123406635, 104.082116151378 ]"
"5d00fedcab0ad455e9fc44fd","成都市金牛金丰路16号","[ 30.736958382393, 104.05294429079 ]"
"5d00fedcab0ad455e9fc44ff","成都市成华驷马桥羊子山路","[ 30.7011022972469, 104.098104774049 ]"
"5d00fedcab0ad455e9fc4501","成都市高新天久南巷139号","[ 30.5982943697956, 104.081556147723 ]"
"5d00fedcab0ad455e9fc4503","成都市武侯西三环路三段草金立交内侧万顺二路155号","[ 30.6569543786725, 103.99280401249 ]"
"5d00fedcab0ad455e9fc4505","成都市双流双楠大道与白河路交叉口（双流新党校南侧）","[ 30.5803803243482, 103.893784299177 ]"
"5d00fedcab0ad455e9fc4507","成都市双流东升镇航都大道与商都路交汇处(陶家院子旁), 航都大街二段756号","[ 30.597440545267, 103.941191303482 ]"
"5d00fedcab0ad455e9fc4509","成都市温江花都大道与凤凰北大街交界处（地铁四号线凤凰大街站附近）","[ 30.6903364367962, 103.897805155961 ]"
"5d00fedcab0ad455e9fc450b","成都市郫都望丛东路139号","[ 30.8135408423855, 103.913742168285 ]"
"5d00fedcab0ad455e9fc450d","成都市天府新区万东路369号","[ 30.4965921081747, 104.095924903678 ]"
"5d00feddab0ad455e9fc450f","成都市青羊金沙遗址路68号","[ 30.6889126885119, 104.010104029154 ]"
"5d00feddab0ad455e9fc4511","成都市武侯聚龙路1251号","[ 30.6170888201808, 104.014450570195 ]"
"5d00feddab0ad455e9fc4513","成都市成华青龙场致力路与致力东街交汇的东北角","[ 30.7077696084584, 104.112831723935 ]"
"5d00feddab0ad455e9fc4515","成都市锦江金沙江路与岷山路交汇处（塔子山地铁站A口前行100米）, 岷山路123号","[ 30.6315449678902, 104.129846283362 ]"
"5d00feddab0ad455e9fc4517","成都市青羊太升南路222号","[ 30.6710353709145, 104.084062240435 ]"
"5d00feddab0ad455e9fc4519","成都市武侯簇锦街办铁佛村3、8组(武侯大道铁佛段与金履路交汇处)","[ 30.6159199964754, 103.995023193609 ]"
"5d00feddab0ad455e9fc451b","成都市成华二环路东三段与蜀都大道的交汇处(二环路东三段61号万象城斜对面)","[ 30.6518023428162, 104.117992856497 ]"
"5d00feddab0ad455e9fc451d","成都市龙泉驿驿都大道中路900号（龙泉驿世纪广场旁）","[ 30.5760993883823, 104.240505917881 ]"
"5d00feddab0ad455e9fc451f","成都市新都润丰路100号","[ 30.770849749783, 104.050313082086 ]"
"5d00fedeab0ad455e9fc4521","成都市温江花都大道与凤凰北大街交界处（地铁四号线凤凰大街站附近）","[ 30.6903364367962, 103.897805155961 ]"
"5d00fedeab0ad455e9fc4523","成都市郫都成灌路与和心路交汇处（后花园对面）","[ 30.7171697169946, 104.016820839114 ]"
"5d00fedeab0ad455e9fc4525","成都市高新天府大道南段会龙大道内","[ 30.5291145083281, 104.082141052407 ]"
"5d00fedeab0ad455e9fc4527","成都市天府新区警校路一段33号(近天府新区警校)","[ 30.6980549641586, 103.810290161687 ]"
"5d00fedeab0ad455e9fc4529","成都市郫都犀浦镇万福新街45号","[ 30.7636968716268, 103.969374595027 ]"
"5d00fedeab0ad455e9fc452b","成都市锦江枫树街2号","[ 30.6018071233407, 104.142559518855 ]"
"5d00fedeab0ad455e9fc452d","成都市锦江南三环娇子立交外侧","[ 30.6062195095327, 104.133435110892 ]"
"5d00fedeab0ad455e9fc452f","成都市锦江银木街675号","[ 30.5950686946807, 104.153431008866 ]"
"5d00fedeab0ad455e9fc4531","成都市锦江银木街675号","[ 30.5950686946807, 104.153431008866 ]"
"5d00fedfab0ad455e9fc4533","成都市锦江锦江区玫瑰街7号","[ 30.6095015954704, 104.159841705951 ]"
"5d00fedfab0ad455e9fc4535","成都市青羊西三环光华南三路（万家湾公交总站旁）","[ 30.6720107714743, 103.969671814676 ]"
"5d00fedfab0ad455e9fc4537","成都市青羊草市街38号","[ 30.6773374582856, 104.081412549096 ]"
"5d00fedfab0ad455e9fc4539","成都市金牛天龙大道中段（西部地理信息技术产业园旁）","[ 30.7776879043168, 104.101506869015 ]"
"5d00fedfab0ad455e9fc453b","成都市金牛站北北街119号","[ 30.6973560428741, 104.057403587138 ]"
"5d00fedfab0ad455e9fc453d","成都市金牛站北北街118号","[ 30.6973560428741, 104.057403587138 ]"
"5d00fedfab0ad455e9fc453f","成都市金牛西华街道侯家桥路288号","[ 30.7405854445167, 104.014204524316 ]"
"5d00fedfab0ad455e9fc4541","成都市金牛育仁西路8号","[ 30.7070758094219, 104.023507632194 ]"
"5d00fee0ab0ad455e9fc4543","成都市武侯中华名园簇锦街道办旁顺兴路369号","[ 30.6429921693041, 104.007741452426 ]"
"5d00fee0ab0ad455e9fc4545","成都市武侯金花镇金凤街179号（武兴路与金凤街交汇处）","[ 30.6159439800302, 103.975335114391 ]"
"5d00fee0ab0ad455e9fc4547","成都市武侯一环路西一段31号","[ 30.6552470825093, 104.0479350563 ]"
"5d00fee0ab0ad455e9fc4549","成都市武侯太平园中四路9号","[ 30.6338902943745, 104.015775662449 ]"
"5d00fee0ab0ad455e9fc454b","成都市武侯双楠果堰街","[ 30.6451402268539, 104.002090168446 ]"
"5d00fee0ab0ad455e9fc454d","成都市武侯果盛路36号","[ 30.6461969628066, 104.002136438996 ]"
"5d00fee0ab0ad455e9fc454f","成都市武侯高攀西巷3号, 长荣路66号","[ 30.6185438495845, 104.084823015372 ]"
"5d00fee0ab0ad455e9fc4551","成都市武侯西三环路三段草金立交内侧万顺二路155号","[ 30.6569543786725, 103.99280401249 ]"
"5d00fee1ab0ad455e9fc4553","成都市成华长融东二路","[ 30.6943392418378, 104.146160079153 ]"
"5d00fee1ab0ad455e9fc4555","成都市成华二仙桥北二路2号","[ 30.6887101830948, 104.136820557562 ]"
"5d00fee1ab0ad455e9fc4557","成都市成华桂林西路88号（桂林小学对面）","[ 30.7194729314974, 104.179110802005 ]"
"5d00fee1ab0ad455e9fc4559","成都市成华长融东二路","[ 30.6943392418378, 104.146160079153 ]"
"5d00fee1ab0ad455e9fc455b","成都市成华致力东街领地海纳时代","[ 30.7079907338319, 104.124870954516 ]"
"5d00fee1ab0ad455e9fc455d","成都市成华龙潭立交外路桂林西路（龙潭路与桂林西路交汇处）","[ 30.7194729314974, 104.179110802005 ]"
"5d00fee1ab0ad455e9fc455f","成都市龙泉驿阳光城幸福大道333号","[ 30.6141533261167, 104.300012504524 ]"
"5d00fee1ab0ad455e9fc4561","成都市龙泉驿翠龙街附近（地铁2号线书房站永辉超市对面）","[ 30.5736164649869, 104.24715424552 ]"
"5d00fee1ab0ad455e9fc4563","成都市新都蜀龙路与熊猫大道交汇处东行300米","[ 30.7282296955216, 104.131526169463 ]"
"5d00fee2ab0ad455e9fc4565","成都市双流剑南大道延线（南湖公园以西）","[ 30.5045566416939, 104.056583809699 ]"
"5d00fee2ab0ad455e9fc4567","成都市双流剑南大道延线（南湖公园以西）","[ 30.5045566416939, 104.056583809699 ]"
"5d00fee2ab0ad455e9fc4569","成都市温江涌泉街道鹏程路166号","[ 30.6807324644718, 103.879507307435 ]"
"5d00fee2ab0ad455e9fc456b","成都市郫都红光镇广场路（技师学院对面）","[ 30.7948740761977, 103.970101393354 ]"
"5d00fee2ab0ad455e9fc456d","成都市郫都犀浦镇五河路369号","[ 30.7636968716268, 103.969374595027 ]"
"5d00fee2ab0ad455e9fc456f","成都市郫都红光镇幸福路北一段81号（思源学校对面）","[ 30.7871574550731, 103.947295266965 ]"
"5d00fee2ab0ad455e9fc4571","成都市郫都犀浦镇万福新街45号","[ 30.7636968716268, 103.969374595027 ]"
"5d00fee2ab0ad455e9fc4573","成都市高新应龙北一路222号","[ 30.7740796950541, 103.950214543381 ]"
"5d00fee2ab0ad455e9fc4575","成都市高新中和街道观东社区三组、龙灯山社区十一、十二组","[ 30.5204739899908, 104.117751571637 ]"
"5d00fee2ab0ad455e9fc4577","成都市高新成都市高新区康和西一街199号","[ 30.5918627102898, 104.066400900143 ]"
"5d00fee3ab0ad455e9fc4579","成都市高新天府三街1599号（天府三街与南华路交汇处）","[ 30.5529336852963, 104.06610441092 ]"
"5d00fee3ab0ad455e9fc457b","成都市高新石羊场路99号（锦城湖畔天府石室中学旁）","[ 30.5832569115562, 104.046231451341 ]"
"5d00fee3ab0ad455e9fc457d","成都市温江光华大道三段江浦路888号","[ 30.6895748708378, 103.895109216261 ]"
"5d00fee3ab0ad455e9fc457f","成都市成华向龙一路蓝润v客尚东","[ 30.6930874007133, 104.166481242772 ]"
"5d00fee3ab0ad455e9fc4581","成都市新都新都大丰蓉北路二段","[ 30.7671014896805, 104.05779873646 ]"
"5d00fee3ab0ad455e9fc4583","成都市双流正通路(社保局对面)","[ 30.5846703178357, 103.90370618145 ]"
"5d00fee3ab0ad455e9fc4585","成都市天府新区南区兴隆湖南侧视高大学城（成都信息工程大学旁）, 视高镇花海大道一段10号","[ 30.6980549641586, 103.810290161687 ]"
"5d00fee3ab0ad455e9fc4587","成都市金牛十二桥路29号","[ 30.6705631905207, 104.051259227306 ]"
"5d00fee3ab0ad455e9fc4589","成都市成华东三环凯德广场魅力城店向东500米","[ 30.6330987252847, 104.163759077941 ]"
"5d00fee4ab0ad455e9fc458b","成都市龙泉驿同安街办幸福路99号","[ 30.6134168855906, 104.301896693744 ]"
"5d00fee4ab0ad455e9fc458d","成都市龙泉驿阳光城幸福大道333号","[ 30.6141533261167, 104.300012504524 ]"
"5d00fee4ab0ad455e9fc458f","成都市龙泉驿龙泉驿天鹅西湖南路6号（成龙大道和天鹅西湖南路交汇处）","[ 30.582698413172, 104.194402044955 ]"
"5d00fee4ab0ad455e9fc4591","成都市青白江大弯东路8号","[ 30.8835564991025, 104.277023294489 ]"
"5d00fee4ab0ad455e9fc4593","成都市双流华府大道三段919号","[ 30.5099092965068, 104.027856073151 ]"
"5d00fee4ab0ad455e9fc4595","成都市温江温泉大道二段","[ 30.6814955040644, 103.873691593513 ]"
"5d00fee5ab0ad455e9fc4597","成都市温江共和路与临泉南街交汇处","[ 30.6744032236516, 103.874755166576 ]"
"5d00fee5ab0ad455e9fc4599","成都市高新天府大道中段199号","[ 30.5610837763664, 104.076309525223 ]"
"5d00fee5ab0ad455e9fc459b","成都市武侯武侯新城铁佛段","[ 30.6350530475949, 103.994679965446 ]"
"5d00fee5ab0ad455e9fc459d","成都市锦江汇泉南路333号","[ 30.6389605692832, 104.111645789086 ]"
"5d00fee5ab0ad455e9fc459f","成都市锦江地铁2号线牛王庙站B出口旁（国土局锦江分局斜对面）, 锦东路新希望D10天府","[ 30.5527584623614, 104.073315272636 ]"
"5d00fee5ab0ad455e9fc45a1","成都市锦江经天路1号","[ 30.6086897694471, 104.104854429651 ]"
"5d00fee5ab0ad455e9fc45a3","成都市锦江东大路318号","[ 30.6413057693472, 104.117026948507 ]"
"5d00fee6ab0ad455e9fc45a5","成都市锦江银木街679号","[ 30.5950686946807, 104.153431008866 ]"
"5d00fee6ab0ad455e9fc45a7","成都市锦江牡丹街39号","[ 30.6088956607627, 104.142364693458 ]"
"5d00fee6ab0ad455e9fc45a9","成都市锦江樱花路999号","[ 30.6135318418886, 104.153978211667 ]"
"5d00fee6ab0ad455e9fc45ab","成都市锦江东大街锦东路399号","[ 30.647212131658, 104.109668618658 ]"
"5d00fee6ab0ad455e9fc45ad","成都市青羊西货站路207号","[ 30.6860531541796, 103.981322945509 ]"
"5d00fee6ab0ad455e9fc45af","成都市金牛一环路北二段9号","[ 30.6408065556289, 104.058584690002 ]"
"5d00fee6ab0ad455e9fc45b1","成都市金牛天龙大道1333号（中铁产业园对面）","[ 30.7776879043168, 104.101506869015 ]"
"5d00fee6ab0ad455e9fc45b3","成都市金牛人民北路一段8号","[ 30.6868723688586, 104.07848252176 ]"
"5d00fee6ab0ad455e9fc45b5","成都市金牛天龙大道1333号（中铁产业园对面）","[ 30.7776879043168, 104.101506869015 ]"
"5d00fee6ab0ad455e9fc45b7","成都市金牛中铁产业园旁（九道堰北站附近）","[ 30.7750345743712, 104.106130027068 ]"
"5d00fee7ab0ad455e9fc45b9","成都市金牛金泉街道高家社区2组（金科路小学旁）","[ 30.7129304507332, 103.994010262519 ]"
"5d00fee7ab0ad455e9fc45bb","成都市武侯武兴路和金江路交汇处","[ 30.6187469615256, 103.968867061397 ]"
"5d00fee7ab0ad455e9fc45bd","成都市武侯武侯新城智谷大道与七星大道交汇处","[ 30.6350530475949, 103.994679965446 ]"
"5d00fee7ab0ad455e9fc45bf","成都市武侯聚荟街436号","[ 30.6317703022779, 104.003351915789 ]"
"5d00fee7ab0ad455e9fc45c1","成都市武侯兆景路139号","[ 30.62973688307, 104.003018110851 ]"
"5d00fee7ab0ad455e9fc45c3","成都市武侯二环路西一段80号","[ 30.6492785923871, 104.031391454524 ]"
"5d00fee7ab0ad455e9fc45c5","成都市武侯西三环武侯大道万兴路与福锦路交汇处","[ 30.6296409223794, 103.993184996433 ]"
"5d00fee7ab0ad455e9fc45c7","成都市成华和美东路221 号","[ 30.6327198932664, 104.166283971289 ]"
"5d00fee7ab0ad455e9fc45c9","成都市成华和美东路221 号","[ 30.6327198932664, 104.166283971289 ]"
"5d00fee8ab0ad455e9fc45cb","成都市成华物流大道蓝光乐彩城","[ 30.6969604650576, 104.144891371738 ]"
"5d00fee8ab0ad455e9fc45cd","成都市成华龙潭寺华康路8号","[ 30.7052786845227, 104.173026298514 ]"
"5d00fee8ab0ad455e9fc45cf","成都市成华安宁河路4599号","[ 30.6325478150805, 104.130389113212 ]"
"5d00fee8ab0ad455e9fc45d1","成都市成华中环路锦绣大道段4599号","[ 30.6307243779223, 104.141131359518 ]"
"5d00fee8ab0ad455e9fc45d3","成都市成华中环路锦绣大道段4599号","[ 30.6307243779223, 104.141131359518 ]"
"5d00fee8ab0ad455e9fc45d5","成都市成华万科路东段荣盛紫提东郡","[ 30.6314035868756, 104.164906322772 ]"
"5d00fee8ab0ad455e9fc45d7","成都市成华和美东路221 号","[ 30.6327198932664, 104.166283971289 ]"
"5d00fee8ab0ad455e9fc45d9","成都市成华和美东路221 号","[ 30.6327198932664, 104.166283971289 ]"
"5d00fee8ab0ad455e9fc45db","成都市龙泉驿西河镇成洛大道（西南食品城旁）","[ 30.6543497070748, 104.276761797755 ]"
"5d00fee9ab0ad455e9fc45dd","成都市龙泉驿北京路66号(地铁二号线书房站,永辉超市对面)","[ 30.5759148555914, 104.250986897419 ]"
"5d00fee9ab0ad455e9fc45df","成都市龙泉驿大面街道天鹅西湖南路899号","[ 30.5742296366095, 104.192391686631 ]"
"5d00fee9ab0ad455e9fc45e1","成都市龙泉驿桃都大道中段999号","[ 30.5827362889501, 104.24373106912 ]"
"5d00fee9ab0ad455e9fc45e3","成都市龙泉驿大面街道天鹅西湖南路899号","[ 30.5742296366095, 104.192391686631 ]"
"5d00fee9ab0ad455e9fc45e5","成都市新都新都区大天路与北星大道交汇处龙湖天鉅","[ 30.8167290645183, 104.087191218188 ]"
"5d00fee9ab0ad455e9fc45e7","成都市新都兴贸路1288号","[ 30.8054934720886, 104.107951646913 ]"
"5d00fee9ab0ad455e9fc45e9","成都市新都博海路83号","[ 30.8194486105198, 104.164076647803 ]"
"5d00fee9ab0ad455e9fc45eb","成都市双流城北上街499号","[ 30.6007160453283, 103.928683733951 ]"
"5d00fee9ab0ad455e9fc45ed","成都市双流天府五街与江安河交汇处（天府软件园E区以南）","[ 30.544147376243, 104.074862164606 ]"
"5d00fee9ab0ad455e9fc45ef","成都市双流东升街道迎春桥社区商都路619号（航都大道和商都路交汇）","[ 30.6017577211168, 103.942722188546 ]"
"5d00feeaab0ad455e9fc45f1","成都市双流大件路与黄河中路二段交汇处（四川大学江安校区学生东园旁）","[ 30.5608661755066, 104.006970408959 ]"
"5d00feeaab0ad455e9fc45f3","成都市双流北郊路39号","[ 30.5877616324644, 103.932988837243 ]"
"5d00feeaab0ad455e9fc45f5","成都市双流航都大街四段60号","[ 30.6004863867728, 103.918624009579 ]"
"5d00feeaab0ad455e9fc45f7","成都市温江春韵南路2号","[ 30.7315780254704, 103.829078614886 ]"
"5d00feeaab0ad455e9fc45f9","成都市温江南熏大道二段875号（南熏大道和柳林路交汇处）","[ 30.6890016766425, 103.843137343151 ]"
"5d00feeaab0ad455e9fc45fb","成都市温江光华大道三段江浦路288号","[ 30.6877365917029, 103.889159126224 ]"
"5d00feeaab0ad455e9fc45fd","成都市温江花明路129号","[ 30.6884868366266, 103.863573063181 ]"
"5d00feeaab0ad455e9fc45ff","成都市温江光华大道三段临温泉大道路口（4号线西部新城西站）","[ 30.6834789674267, 103.894872474132 ]"
"5d00feeaab0ad455e9fc4601","成都市温江政通东路369号（温泉大道与花土路交汇处）","[ 30.6852947892438, 103.861411919785 ]"
"5d00feebab0ad455e9fc4603","成都市温江温泉大道177号（新城西站附近）","[ 30.698789418772, 103.880629409457 ]"
"5d00feebab0ad455e9fc4605","成都市郫都中信大道三段114号","[ 30.8095186364053, 103.872769404754 ]"
"5d00feebab0ad455e9fc4607","成都市郫都中信大道三段114号","[ 30.8095186364053, 103.872769404754 ]"
"5d00feebab0ad455e9fc4609","成都市郫都成都市郫都区犀浦镇金粮路与全兴路交汇处（犀浦东站旁）","[ 30.7428020999047, 103.996826360462 ]"
"5d00feebab0ad455e9fc460b","成都市郫都郫筒镇杜鹃路政府旁","[ 30.8044051090174, 103.908121064675 ]"
"5d00feebab0ad455e9fc460d","成都市郫都红光镇广场路北三段, 广场路北四段10号","[ 30.788201046098, 103.95822597058 ]"
"5d00feebab0ad455e9fc460f","成都市郫都红光镇红高路88号","[ 30.7783266745801, 103.947234321427 ]"
"5d00feebab0ad455e9fc4611","成都市郫都红光港华路555号","[ 30.7960945363498, 103.949075617757 ]"
"5d00feecab0ad455e9fc4613","成都市郫都郫筒镇檬柏西路469号","[ 30.8095390673839, 103.918513359001 ]"
"5d00feecab0ad455e9fc4615","成都市高新新园大道8号","[ 30.6012400046571, 104.047513335998 ]"
"5d00feecab0ad455e9fc4617","成都市高新天府大道中段1388号","[ 30.540379772143, 104.07507677608 ]"
"5d00feecab0ad455e9fc4619","成都市高新交子大道555号","[ 30.5877842197272, 104.054121839957 ]"
"5d00feecab0ad455e9fc461b","成都市高新新园大道8号","[ 30.6012400046571, 104.047513335998 ]"
"5d00feecab0ad455e9fc461d","成都市高新观东一街666号","[ 30.5377975793119, 104.097055041729 ]"
"5d00feecab0ad455e9fc461f","成都市高新天府南华路与天府三街交汇处（高新青年公寓对面）","[ 30.5567969265652, 104.041979362633 ]"
"5d00feecab0ad455e9fc4621","成都市高新盛安街186号","[ 30.5655598135206, 104.058785764911 ]"
"5d00feecab0ad455e9fc4623","成都市高新天府南华路与天府三街交汇处（高新青年公寓对面）","[ 30.5567969265652, 104.041979362633 ]"
"5d00feedab0ad455e9fc4625","成都市天府新区祥鹤四街万科君逸","[ 30.6980549641586, 103.810290161687 ]"
"5d00feedab0ad455e9fc4627","成都市天府新区天府大道与华府大道交汇处","[ 30.5617071390186, 104.07576258832 ]"
"5d00feedab0ad455e9fc4629","成都市天府新区华阳街道府河路与南湖路交汇处","[ 30.5035142861343, 104.068950013604 ]"
"5d00feedab0ad455e9fc462b","成都市天府新区麓山大道二段（新元素奥迪旗舰店旁）","[ 30.4840429870586, 104.121179098531 ]"
"5d00feedab0ad455e9fc462d","成都市天府新区人民南路南延线麓山大道（成都实验外国语旁）","[ 30.639050421542, 104.073122772053 ]"
"5d00feedab0ad455e9fc462f","成都市武侯铁佛工业区二路","[ 30.6235327474032, 103.985827402696 ]"
"5d00feedab0ad455e9fc4631","成都市武侯永顺街165号","[ 30.6368315517013, 104.02502058708 ]"
"5d00feedab0ad455e9fc4633","成都市锦江一环路东五段茂业豪园营销中心","[ 30.6513019150123, 104.099649056441 ]"
"5d00feedab0ad455e9fc4635","成都市成华熊猫大道蓝润蓝客城","[ 30.7274074073494, 104.141651034645 ]"
"5d00feeeab0ad455e9fc4637","成都市龙泉驿西河大道295号","[ 30.6603888724805, 104.233481319708 ]"
"5d00feeeab0ad455e9fc4639","成都市锦江通宝街88号","[ 30.6405822126244, 104.113334823529 ]"
"5d00feeeab0ad455e9fc463b","成都市锦江银木街679号","[ 30.5950686946807, 104.153431008866 ]"
"5d00feeeab0ad455e9fc463d","成都市金牛金牛区百寿路18号（百寿路与大庆路交汇处）","[ 30.6772558515271, 104.040928574254 ]"
"5d00feeeab0ad455e9fc463f","成都市金牛三环路北一段393号","[ 30.7319396301331, 104.053850201354 ]"
"5d00feeeab0ad455e9fc4641","成都市龙泉驿蜀王大道北段中海御湖世家","[ 30.6540037352132, 104.178607981784 ]"
"5d00feeeab0ad455e9fc4643","成都市龙泉驿金枫路与青台山路交叉口西150米","[ 30.5813059978112, 104.197616975274 ]"
"5d00feefab0ad455e9fc4645","成都市龙泉驿金枫路与青台山路交叉口西150米","[ 30.5813059978112, 104.197616975274 ]"
"5d00feefab0ad455e9fc4647","成都市新都同仁路199号","[ 30.8277081862015, 104.19738366018 ]"
"5d00feefab0ad455e9fc4649","成都市温江光华大道同兴东路","[ 30.691906094841, 103.876855804604 ]"
"5d00feefab0ad455e9fc464b","成都市温江光华大道三段江浦路288号","[ 30.6877365917029, 103.889159126224 ]"
"5d00feefab0ad455e9fc464d","成都市郫都犀浦镇犀安路666号","[ 30.7615072447127, 103.997994625642 ]"
"5d00feefab0ad455e9fc464f","成都市郫都红光镇广场路北三段, 广场路北四段10号","[ 30.788201046098, 103.95822597058 ]"
"5d00feefab0ad455e9fc4651","成都市郫都红光镇广场路","[ 30.788201046098, 103.95822597058 ]"
"5d00feefab0ad455e9fc4653","成都市郫都国宁东路666号(成都外国语学校旁)","[ 30.7498220295936, 103.994112217474 ]"
"5d00feefab0ad455e9fc4655","成都市大邑大邑大道268号","[ 30.5762963175905, 103.530573297264 ]"
"5d00fef0ab0ad455e9fc4657","成都市高新雅和街宸光和悦","[ 30.6558218784164, 104.081533510425 ]"
"5d00fef0ab0ad455e9fc4659","成都市天府新区沈阳路东段合能铂悦华庭","[ 30.6980549641586, 103.810290161687 ]"
"5d00fef0ab0ad455e9fc465b","成都市天府新区麓山大道630号","[ 30.4907350256132, 104.087428175012 ]"
"5d00fef0ab0ad455e9fc465d","成都市高新西西源大道1311号","[ 30.6558218784164, 104.081533510425 ]"
"5d00fef0ab0ad455e9fc465f","成都市高新西合作路89号","[ 30.7576559174607, 103.928196263263 ]"
"5d00fef0ab0ad455e9fc4661","成都市成华迎晖路6号","[ 30.6414930896156, 104.154846459727 ]"
"5d00fef0ab0ad455e9fc4663","成都市高新观东三街158号","[ 30.5320454192616, 104.086500511081 ]"
"5d00fef0ab0ad455e9fc4665","成都市天府新区梓州大道置富广场","[ 30.6980549641586, 103.810290161687 ]"
"5d00fef0ab0ad455e9fc4667","成都市天府新区南区花海大道一段11号","[ 30.6980549641586, 103.810290161687 ]"
"5d00fef1ab0ad455e9fc4669","成都市天府新区正兴镇田家寺村4、5、6组","[ 30.4605571998899, 104.064473970146 ]"
"5d00fef1ab0ad455e9fc466b","成都市锦江镗钯街38号","[ 30.6540334455232, 104.088348152508 ]"
"5d00fef1ab0ad455e9fc466d","成都市青羊清源三路169号","[ 30.6969746669404, 103.993683614381 ]"
"5d00fef1ab0ad455e9fc466f","成都市金牛羊犀立交外侧（青房尙瑞天韵旁）","[ 30.7070864893007, 104.013508350122 ]"
"5d00fef1ab0ad455e9fc4671","成都市武侯西三环路一段与西三环路一段出口交叉口西150米","[ 30.6304311779263, 104.010109098292 ]"
"5d00fef1ab0ad455e9fc4673","成都市龙泉驿天鹅西湖南路与金茶路交叉口（北大附小正对面）","[ 30.57909801518, 104.19312529591 ]"
"5d00fef1ab0ad455e9fc4675","成都市龙泉驿成龙大道二段天府逸家","[ 30.5795151885187, 104.196451802959 ]"
"5d00fef1ab0ad455e9fc4677","成都市龙泉驿成龙大道二段天府逸家","[ 30.5795151885187, 104.196451802959 ]"
"5d00fef1ab0ad455e9fc4679","成都市青白江凤凰西七路31号","[ 30.8998351389276, 104.263562545745 ]"
"5d00fef2ab0ad455e9fc467b","成都市青白江凤凰西七路31号","[ 30.8998351389276, 104.263562545745 ]"
"5d00fef2ab0ad455e9fc467d","成都市新都大丰镇南丰大道658号","[ 30.7499618270918, 104.073872940697 ]"
"5d00fef2ab0ad455e9fc467f","成都市新都新都成都北大门川陕路（蓉都大道和兴城大道交界点）","[ 30.8340969759784, 104.164256353821 ]"
"5d00fef2ab0ad455e9fc4681","成都市双流双流东升镇一杆旗北路29号","[ 30.5815965772595, 103.92052509353 ]"
"5d00fef2ab0ad455e9fc4683","成都市郫都犀浦镇银河西街99号（地铁2号线天河路站D出口）, 张家石桥街29号","[ 30.7515291956261, 103.982178921034 ]"
"5d00fef2ab0ad455e9fc4685","成都市天府新区正兴镇大安路1458号","[ 30.436144535502, 104.059921063177 ]"
"5d00fef2ab0ad455e9fc4687","成都市天府新区南区仁寿县视高产业园区清水镇天府大道60号","[ 30.6980549641586, 103.810290161687 ]"
"5d00fef2ab0ad455e9fc4689","成都市新都学院路东段189号","[ 30.8129187475325, 104.172725731779 ]"
"5d00fef2ab0ad455e9fc468b","成都市锦江锦兴路63号","[ 30.6576545272869, 104.076071071822 ]"
"5d00fef3ab0ad455e9fc468d","成都市成华成华区一里塘路熊猫大道","[ 30.7282296955216, 104.131526169463 ]"
"5d00fef3ab0ad455e9fc468f","成都市成华荆翠西路2号","[ 30.7229234036751, 104.110157460347 ]"
"5d00fef3ab0ad455e9fc4691","成都市锦江东御街88号","[ 30.6620220303438, 104.075508979607 ]"
"5d00fef3ab0ad455e9fc4693","成都市锦江东大路下沙河铺街和大凉山路交界处（塔子山公园旁）","[ 30.6402751347487, 104.130249090739 ]"
"5d00fef3ab0ad455e9fc4695","成都市青羊日月大道1501号","[ 30.6824508978214, 103.970276179436 ]"
"5d00fef3ab0ad455e9fc4697","成都市金牛中铁产业园旁（九道堰北站附近）","[ 30.7750345743712, 104.106130027068 ]"
"5d00fef3ab0ad455e9fc4699","成都市金牛金科西路58号","[ 30.7271516247155, 104.010672177745 ]"
"5d00fef3ab0ad455e9fc469b","成都市成华石岭路融创玖阙府二期","[ 30.7337375710741, 104.135641869343 ]"
"5d00fef3ab0ad455e9fc469d","成都市成华熊猫大道融创玖阙府一期","[ 30.7282296955216, 104.131526169463 ]"
"5d00fef4ab0ad455e9fc469f","成都市龙泉驿北泉路1188号","[ 30.5791813600302, 104.241386257281 ]"
"5d00fef4ab0ad455e9fc46a1","成都市温江光华大道同兴东路","[ 30.691906094841, 103.876855804604 ]"
"5d00fef4ab0ad455e9fc46a3","成都市高新益州大道中段699号（天府一街与天府二街之间）","[ 30.5617755087593, 104.063881100159 ]"
"5d00fef4ab0ad455e9fc46a5","成都市高新益州大道中段699号（天府一街与天府二街之间）","[ 30.5617755087593, 104.063881100159 ]"
"5d00fef4ab0ad455e9fc46a7","成都市高新近慈路66号（石室中学后门石羊派出所旁）","[ 30.5839215735311, 104.047145567028 ]"
"5d00fef4ab0ad455e9fc46a9","成都市锦江柳荫路新希望锦官府","[ 30.5899799646591, 104.162026165765 ]"
"5d00fef4ab0ad455e9fc46ab","成都市锦江上沙河铺街66号","[ 30.6346122310755, 104.127694870412 ]"
"5d00fef4ab0ad455e9fc46ad","成都市锦江红星路三段99号?","[ 30.6589868730405, 104.086331809306 ]"
"5d00fef4ab0ad455e9fc46af","成都市青羊清涟路27号","[ 30.6907882962816, 103.991132887564 ]"
"5d00fef4ab0ad455e9fc46b1","成都市青羊清涟路27号","[ 30.6907882962816, 103.991132887564 ]"
"5d00fef5ab0ad455e9fc46b3","成都市青羊光华南一路255号","[ 30.6800378070068, 104.067445474942 ]"
"5d00fef5ab0ad455e9fc46b5","成都市青羊清波路77号","[ 30.6916340843793, 104.001203557975 ]"
"5d00fef5ab0ad455e9fc46b7","成都市金牛北三环大天路保利城北中央生活区（保利城旁）","[ 30.7623998506674, 104.094644459902 ]"
"5d00fef5ab0ad455e9fc46b9","成都市金牛金科南路（地铁2号线金科北路A出口500米）","[ 30.7275509092163, 104.012859168984 ]"
"5d00fef5ab0ad455e9fc46bb","成都市武侯武侯大道与智谷大道交汇处","[ 30.6296409223794, 103.993184996433 ]"
"5d00fef5ab0ad455e9fc46bd","成都市武侯丽都路董家湾南街6号","[ 30.6308904512825, 104.034723320537 ]"
"5d00fef5ab0ad455e9fc46bf","成都市武侯沙堰街40号","[ 30.659715673017, 104.008533471326 ]"
"5d00fef5ab0ad455e9fc46c1","成都市武侯新希望路7号","[ 30.6216182971124, 104.07798779617 ]"
"5d00fef5ab0ad455e9fc46c3","成都市武侯人民南路四段38号","[ 30.624973456775, 104.070849290164 ]"
"5d00fef6ab0ad455e9fc46c5","成都市成华东丽街与东紫路交汇处（动物园东大门）","[ 30.7161434352219, 104.117448746561 ]"
"5d00fef6ab0ad455e9fc46c7","成都市成华峨眉山路369号","[ 30.665589283983, 104.108591550352 ]"
"5d00fef6ab0ad455e9fc46c9","成都市龙泉驿十陵街道蜀王大道南段888号","[ 30.6436961265821, 104.179566982204 ]"
"5d00fef6ab0ad455e9fc46cb","成都市龙泉驿十陵街道蜀王大道南段888号","[ 30.6436961265821, 104.179566982204 ]"
"5d00fef6ab0ad455e9fc46cd","成都市龙泉驿西河镇成洛大道3199号（九峰国际汽车成附近）","[ 30.6535448116047, 104.232389158073 ]"
"5d00fef6ab0ad455e9fc46cf","成都市龙泉驿西河镇成洛大道（西南食品城旁）","[ 30.6543497070748, 104.276761797755 ]"
"5d00fef6ab0ad455e9fc46d1","成都市龙泉驿龙都北路399号","[ 30.5851159363704, 104.294189084723 ]"
"5d00fef6ab0ad455e9fc46d3","成都市龙泉驿大面街道金桉路1号","[ 30.5849218805443, 104.191068285885 ]"
"5d00fef6ab0ad455e9fc46d5","成都市新都北星大道与大天路交汇处(十字路口出城方向右侧）","[ 30.8167290645183, 104.087191218188 ]"
"5d00fef7ab0ad455e9fc46d7","成都市新都大丰北星大道(方元路与新水碾路交汇处)","[ 30.7744194911951, 104.070462597489 ]"
"5d00fef7ab0ad455e9fc46d9","成都市新都新都绕城高速与成金青快速通道交汇处（中国塑料城旁）","[ 30.7439881728131, 104.210244525895 ]"
"5d00fef7ab0ad455e9fc46db","成都市新都北星大道大成路南段","[ 30.755539437124, 104.077206879427 ]"
"5d00fef7ab0ad455e9fc46dd","成都市新都蓉都大道绕城高速入口1公里以西（毗河畔）","[ 30.7796310868143, 104.134028243155 ]"
"5d00fef7ab0ad455e9fc46df","成都市新都互惠大道北新国际","[ 30.7789039554131, 104.066039210005 ]"
"5d00fef7ab0ad455e9fc46e1","成都市双流航都大街佳兆业8号","[ 30.5942223964089, 103.930128637889 ]"
"5d00fef7ab0ad455e9fc46e3","成都市双流金河路景茂誉府","[ 30.5950835047306, 103.917717771133 ]"
"5d00fef7ab0ad455e9fc46e5","成都市双流华府大道2段265号(华阳剑南大道欧尚旁)","[ 30.5146562718445, 104.061642151856 ]"
"5d00fef8ab0ad455e9fc46e7","成都市温江四川省成都市温江区白鹭路469号附8号","[ 30.6884868366266, 103.863573063181 ]"
"5d00fef8ab0ad455e9fc46e9","成都市温江科锦路355号（川农大旁）","[ 30.7123244012543, 103.863011891728 ]"
"5d00fef8ab0ad455e9fc46eb","成都市温江江安路518号","[ 30.6923329181729, 103.888743593452 ]"
"5d00fef8ab0ad455e9fc46ed","成都市温江成都市温江区百信路188号","[ 30.6821853268598, 103.844100853963 ]"
"5d00fef8ab0ad455e9fc46ef","成都市温江永宁镇八一路北段18号（四川省康复医院对面）","[ 30.7244473577109, 103.906965037111 ]"
"5d00fef8ab0ad455e9fc46f1","成都市温江柳南三路169号","[ 30.6904220600142, 103.835979273847 ]"
"5d00fef8ab0ad455e9fc46f3","成都市温江南江路666号","[ 30.6898140752141, 103.846761545053 ]"
"5d00fef8ab0ad455e9fc46f5","成都市温江万春镇春江西路","[ 30.7377860145586, 103.831959371961 ]"
"5d00fef8ab0ad455e9fc46f7","成都市温江芙蓉大道二段八一路99号","[ 30.7163095926313, 103.899694978754 ]"
"5d00fef8ab0ad455e9fc46f9","成都市郫都校园路东段188号","[ 30.7579453187857, 103.995931444986 ]"
"5d00fef9ab0ad455e9fc46fb","成都市郫都红光镇广场路（技师学院对面）","[ 30.7948740761977, 103.970101393354 ]"
"5d00fef9ab0ad455e9fc46fd","成都市郫都红光镇幸福路北一段81号（思源学校对面）","[ 30.7871574550731, 103.947295266965 ]"
"5d00fef9ab0ad455e9fc46ff","成都市郫都郫筒镇梨园路一段708号","[ 30.8316255052901, 103.87983715393 ]"
"5d00fef9ab0ad455e9fc4701","成都市郫都广场路北三段68号","[ 30.7995376535734, 103.905445688087 ]"
"5d00fef9ab0ad455e9fc4703","成都市郫都望丛东路139号","[ 30.8135408423855, 103.913742168285 ]"
"5d00fef9ab0ad455e9fc4705","成都市郫都红光镇港通北一路567号","[ 30.7942910965364, 103.945751033081 ]"
"5d00fef9ab0ad455e9fc4707","成都市大邑晋原镇锦屏大道1号","[ 30.609962441236, 103.552429484459 ]"
"5d00fef9ab0ad455e9fc4709","成都市天府新区锦江西6路（华阳新建小学对面）","[ 30.6619044903173, 104.089561756598 ]"
"5d00fefaab0ad455e9fc470b","成都市天府新区老君社区","[ 30.6980549641586, 103.810290161687 ]"
"5d00fefaab0ad455e9fc470d","成都市新都工业大道西段67号","[ 30.8127808687243, 104.153183974451 ]"
"5d00fefaab0ad455e9fc470f","成都市新都工业大道西段67号","[ 30.8127808687243, 104.153183974451 ]"
"5d00fefaab0ad455e9fc4711","成都市高新天府大道中段199号","[ 30.5610837763664, 104.076309525223 ]"
"5d00fefaab0ad455e9fc4713","成都市高新交子大道998号","[ 30.5885587286625, 104.053058393555 ]"
"5d00fefaab0ad455e9fc4715","成都市新津新津县瑞通路138号","[ 30.4270501631352, 103.826042793211 ]"
"5d00fefaab0ad455e9fc4717","成都市新津新津县瑞通路138号","[ 30.4270501631352, 103.826042793211 ]"
"5d00fefaab0ad455e9fc4719","成都市新津新津县瑞通路138号","[ 30.4270501631352, 103.826042793211 ]"
"5d00fefaab0ad455e9fc471b","成都市青羊天府广场旁顺城大街269号","[ 30.6698972407095, 104.076648840367 ]"
"5d00fefbab0ad455e9fc471d","成都市金牛花牌坊北街99号","[ 30.6883930383208, 104.053798726652 ]"
"5d00fefbab0ad455e9fc471f","成都市青白江华金大道三段66号","[ 30.889147951138, 104.279292054885 ]"
"5d00fefbab0ad455e9fc4721","成都市新都蜀龙大道南段777号","[ 30.7915106364741, 104.165772536318 ]"
"5d00fefbab0ad455e9fc4723","成都市新都新都大道（成都医学院旁）","[ 30.8260538255698, 104.205198053947 ]"
"5d00fefbab0ad455e9fc4725","成都市温江鹏程路801号","[ 30.6806828522507, 103.887178825202 ]"
"5d00fefbab0ad455e9fc4727","成都市温江学府路南段133号（近海科路）","[ 30.6801339422791, 103.826785602936 ]"
"5d00fefbab0ad455e9fc4729","成都市高新新通大道与中柏大道交汇处","[ 30.5599941491368, 104.105518150761 ]"
"5d00fefbab0ad455e9fc472b","成都市高新天府二街269号","[ 30.556888454124, 104.067666078114 ]"
"5d00fefbab0ad455e9fc472d","成都市高新中和大道二段69号","[ 30.5545539162192, 104.091094355628 ]"
"5d00fefcab0ad455e9fc472f","成都市高新天府五街卓越珑樾府","[ 30.544089431439, 104.069630113519 ]"
"5d00fefcab0ad455e9fc4731","成都市天府新区成都市天府新区华阳街道云龙南巷55、56号","[ 30.6980549641586, 103.810290161687 ]"
"5d00fefcab0ad455e9fc4733","成都市高新西百草路778号, 百草路777号","[ 30.7502726741561, 103.970327187834 ]"
"5d00fefcab0ad455e9fc4735","成都市大邑安仁镇大安路6666号（川师影视学院旁）","[ 30.5245322388314, 103.600983360912 ]"
"5d00fefcab0ad455e9fc4737","成都市金牛花照壁街225号","[ 30.7053110882027, 104.041117127682 ]"
"5d00fefcab0ad455e9fc4739","成都市成华迎晖路德商迎晖天玺","[ 30.6400547409347, 104.136730789892 ]"
"5d00fefcab0ad455e9fc473b","成都市新津兴园五路中段","[ 30.4317517598367, 103.8129385945 ]"
"5d00fefcab0ad455e9fc473d","成都市锦江通盈街88号","[ 30.63679136167, 104.111245353235 ]"
"5d00fefcab0ad455e9fc473f","成都市龙泉驿成龙大道车城西三路","[ 30.5613640948177, 104.183228281428 ]"
"5d00fefdab0ad455e9fc4741","成都市龙泉驿成龙大道二段与金枫路交汇处","[ 30.577689460644, 104.184827723372 ]"
"5d00fefdab0ad455e9fc4743","成都市双流星空路四段88号","[ 30.6279937384089, 103.931959354875 ]"
"5d00fefdab0ad455e9fc4745","成都市双流双华路三段(四川现代职业技术学院对面)","[ 30.5409543209185, 103.982553278536 ]"
"5d00fefdab0ad455e9fc4747","成都市温江涌泉街道鹏程路166号","[ 30.6807324644718, 103.879507307435 ]"
"5d00fefdab0ad455e9fc4749","成都市温江柳台大道88号","[ 30.687116797372, 103.816122601549 ]"
"5d00fefdab0ad455e9fc474b","成都市郫都郫花路299号（郫花路与关柏路交汇处）","[ 30.8177478712071, 103.872608489492 ]"
"5d00fefdab0ad455e9fc474d","成都市高新中胜路万科璟南堂","[ 30.5607223848978, 104.117383781107 ]"
"5d00fefdab0ad455e9fc474f","成都市高新金融城交子大道（天府国际金融中心旁）","[ 30.5842366674788, 104.069498192863 ]"
"5d00fefeab0ad455e9fc4751","成都市高新国际城南天府大道与天府一街交汇处（地铁1号线世纪城北行300米）","[ 30.5642642337016, 104.077710413801 ]"
"5d00fefeab0ad455e9fc4753","成都市高新国际城南天府大道与天府一街交汇处（地铁1号线世纪城北行300米）","[ 30.5642642337016, 104.077710413801 ]"
"5d00fefeab0ad455e9fc4755","成都市高新锦城大道与天府大道交汇处科华南路1366号","[ 30.5778769086907, 104.079824467762 ]"
"5d00fefeab0ad455e9fc4757","成都市简阳雄州大道京汉新城悦隽风华","[ 30.4174514913527, 104.553494062651 ]"
"5d00fefeab0ad455e9fc4759","成都市龙泉驿龙城大道保利玫瑰花语","[ 30.5775566546141, 104.203232491423 ]"
"5d00fefeab0ad455e9fc475b","成都市金牛一环内侧与人民北路交汇处","[ 30.6948095354745, 104.079846916677 ]"
"5d00fefeab0ad455e9fc475d","成都市天府新区兴隆湖湖畔路南段","[ 30.6980549641586, 103.810290161687 ]"
"5d00fefeab0ad455e9fc475f","成都市天府新区汉州路999号","[ 30.4305248925436, 104.08930942258 ]"
"5d00fefeab0ad455e9fc4761","成都市天府新区南区仁寿县视高大学城花海大道1号","[ 30.6980549641586, 103.810290161687 ]"
"5d00feffab0ad455e9fc4763","成都市新津五津镇外西街60-68号","[ 30.4180342226021, 103.813085865101 ]"
"5d00feffab0ad455e9fc4765","成都市锦江锦华路一段69号","[ 30.6272392310829, 104.105607943134 ]"
"5d00feffab0ad455e9fc4767","成都市锦江滨江中路9号","[ 30.6528677398358, 104.076863859672 ]"
"5d00feffab0ad455e9fc4769","成都市青羊二环路西一段155号（仁和春天对面）","[ 30.6677845763273, 104.027174220642 ]"
"5d00feffab0ad455e9fc476b","成都市青羊光华北六路217号","[ 30.6795939608629, 103.960434714736 ]"
"5d00feffab0ad455e9fc476d","成都市金牛一环内马鞍东路与红星路交汇处","[ 30.6804222474303, 104.095814082422 ]"
"5d00feffab0ad455e9fc476f","成都市金牛王贾路168号","[ 30.7300030074719, 104.076373284253 ]"
"5d00feffab0ad455e9fc4771","成都市温江光华大道三段南侧花土路936号（地铁四号线凤凰大街站旁）","[ 30.6808982804753, 103.872463862304 ]"
"5d00ff00ab0ad455e9fc4773","成都市温江科兴路西段199号","[ 30.6684331599041, 103.818349938383 ]"
"5d00ff00ab0ad455e9fc4775","成都市温江永宁镇宁泰路99号","[ 30.7231697280477, 103.92498466476 ]"
"5d00ff00ab0ad455e9fc4777","成都市郫都红光镇红光路广场路四段216号（技师学院旁）","[ 30.788201046098, 103.95822597058 ]"
"5d00ff00ab0ad455e9fc4779","成都市高新新乐路3号","[ 30.6095817411035, 104.04983117321 ]"
"5d00ff00ab0ad455e9fc477b","成都市高新新乐路3号","[ 30.6095817411035, 104.04983117321 ]"
"5d00ff00ab0ad455e9fc477d","成都市天府新区牧华路三段1789号","[ 30.4934452762991, 104.004126554274 ]"
"5d00ff00ab0ad455e9fc477f","成都市天府新区华阳街道德商御府天骄学府","[ 30.6980549641586, 103.810290161687 ]"
"5d00ff00ab0ad455e9fc4781","成都市天府新区梓州大道置富广场","[ 30.6980549641586, 103.810290161687 ]"
"5d00ff00ab0ad455e9fc4783","成都市天府新区华阳街道一心村二、五组，鹤林村四组","[ 30.4817115305781, 104.030773143328 ]"
"5d00ff00ab0ad455e9fc4785","成都市简阳花红大道龙湖物业滨湖城","[ 30.4174514913527, 104.553494062651 ]"
"5d00ff01ab0ad455e9fc4787","成都市锦江东二环汇源北路99号","[ 30.6424430586087, 104.120766745759 ]"
"5d00ff01ab0ad455e9fc4789","成都市青羊大安东路1号","[ 30.6749258976545, 104.094957608305 ]"
"5d00ff01ab0ad455e9fc478b","成都市龙泉驿十陵洪路中段 288 号","[ 30.5626978409996, 104.281396964356 ]"
"5d00ff01ab0ad455e9fc478d","成都市锦江东二环与沙河之间汇源北路99号","[ 30.6424430586087, 104.120766745759 ]"
"5d00ff01ab0ad455e9fc478f","成都市青羊新华大道文武路飞大美誉大厦","[ 30.6772419830107, 104.077383620138 ]"
"5d00ff01ab0ad455e9fc4791","成都市青羊清源二路126号","[ 30.6952320913376, 103.996688745897 ]"
"5d00ff01ab0ad455e9fc4793","成都市金牛万石路旁","[ 30.7691245217846, 104.109096136641 ]"
"5d00ff01ab0ad455e9fc4795","成都市武侯丽都路599号","[ 30.627212809164, 104.037151828399 ]"
"5d00ff01ab0ad455e9fc4797","成都市龙泉驿成都市车城西四路177号","[ 30.5719381067816, 104.181623252656 ]"
"5d00ff02ab0ad455e9fc4799","成都市高新永丰路7号（衣冠庙地铁口B出口）","[ 30.6396292217282, 104.058314172484 ]"
"5d00ff02ab0ad455e9fc479b","成都市高新锦城大道与天府大道交汇处（锦江旁）","[ 30.5617071390186, 104.07576258832 ]"
"5d00ff02ab0ad455e9fc479d","成都市高新吉庆一路288号（益州大道与天府二街交汇口）","[ 30.5530202447794, 104.065212826428 ]"
"5d00ff02ab0ad455e9fc479f","成都市成华一环路内侧与蜀都大道交界处","[ 30.6408065556289, 104.058584690002 ]"
"5d00ff02ab0ad455e9fc47a1","成都市锦江银木街675号","[ 30.5950686946807, 104.153431008866 ]"
"5d00ff02ab0ad455e9fc47a3","成都市锦江东大路246号","[ 30.6405633217754, 104.115711685511 ]"
"5d00ff02ab0ad455e9fc47a5","成都市锦江琉璃路123号","[ 30.6230648907505, 104.099407030785 ]"
"5d00ff02ab0ad455e9fc47a7","成都市青羊百仁生态区内（三环路西四段）","[ 30.690400224646, 103.993487182814 ]"
"5d00ff03ab0ad455e9fc47a9","成都市青羊光华大道东4路78号","[ 30.6737908729017, 103.96779210321 ]"
"5d00ff03ab0ad455e9fc47ab","成都市青羊光华东一路75号","[ 30.6789091490536, 103.974963357842 ]"
"5d00ff03ab0ad455e9fc47ad","成都市青羊正府街77号（中国银行大厦背后）","[ 30.675502372632, 104.075556376002 ]"
"5d00ff03ab0ad455e9fc47af","成都市金牛金牛营门口路1-9号","[ 30.688823748127, 104.050554664749 ]"
"5d00ff03ab0ad455e9fc47b1","成都市金牛花照壁西顺街388号","[ 30.7088919759626, 104.04280432599 ]"
"5d00ff03ab0ad455e9fc47b3","成都市武侯武侯区鞋都南路139号","[ 30.6023652630029, 103.990109904435 ]"
"5d00ff03ab0ad455e9fc47b5","成都市武侯中华名园簇锦街道办旁顺兴路369号","[ 30.6429921693041, 104.007741452426 ]"
"5d00ff03ab0ad455e9fc47b7","成都市武侯武科东四路18号","[ 30.639714878765, 103.991432999757 ]"
"5d00ff03ab0ad455e9fc47b9","成都市武侯成双大道中段鞋都南二路139号","[ 30.6065241733905, 103.98755944141 ]"
"5d00ff04ab0ad455e9fc47bb","成都市武侯高攀路89号","[ 30.6257901528992, 104.090296839997 ]"
"5d00ff04ab0ad455e9fc47bd","成都市武侯福锦路一段669号","[ 30.617476431854, 103.999253803832 ]"
"5d00ff04ab0ad455e9fc47bf","成都市成华中环路锦绣大道段与金马河路交叉口东100米","[ 30.6307243779223, 104.141131359518 ]"
"5d00ff04ab0ad455e9fc47c1","成都市成华建工路龙湖梵城","[ 30.665589283983, 104.108591550352 ]"
"5d00ff04ab0ad455e9fc47c3","成都市成华东三段双成3路15号","[ 30.6500035779275, 104.12395723049 ]"
